sample_rank,idx,sample_key,source_table,compare_status,region_uid,antigen_uniprot_acc,start,end,site_fasta,final_peptide,reference,epitope_iedb_iris,assay_iedb_iris,reference_iedb_iris,input_fasta_length,seq_len,span_len,final_peptide_len,sample_seed
1,TCE001,01e83fc50c51f248b242d0ee4ed4a67f15e6f800,tcell_regions_with_seq.parquet,matched_csv_audit,10619c7a53daf84e,O05578,71,80,"71, 80",GRMLPYVIEL,http://www.iedb.org/epitope/499237,"['http://www.iedb.org/epitope/499237', 'http://www.iedb.org/epitope/499418']","['http://www.iedb.org/assay/2659854', 'http://www.iedb.org/assay/2683484']",['http://www.iedb.org/reference/1029831'],203,203,10,10,42
2,TCE002,06e1c7792d9b397e111d0d4823d4f7189c314ac3,tcell_regions_with_seq.parquet,matched_csv_audit,85536605b3a50c65,Q9QJ26,939,956,"939, 956",TFPHYQRNDGGFPLPPPL,http://www.iedb.org/epitope/740452,['http://www.iedb.org/epitope/740452'],['http://www.iedb.org/assay/3480397'],['http://www.iedb.org/reference/1032174'],1345,1345,18,18,42
3,TCE003,07419171f2841e02194c4cb2540fb3cf6b1c3022,tcell_regions_with_seq.parquet,matched_csv_audit,f9b4a1e0ace3ba07,A0A1J0FAQ1,314,325,"314, 325",ATFTSYRSWYLA,http://www.iedb.org/epitope/2130965,['http://www.iedb.org/epitope/2130965'],['http://www.iedb.org/assay/15354684'],['http://www.iedb.org/reference/1039030'],486,486,12,12,42
4,TCE004,08275b61b7cc42fb3d086f5504e34640b5d830c6,tcell_regions_with_seq.parquet,matched_csv_audit,6ab7fea63d8e40b5,Q81862,1111,1125,"1111, 1125",RSLFWGEPAVGQKLV,http://www.iedb.org/epitope/946951,['http://www.iedb.org/epitope/946951'],"['http://www.iedb.org/assay/6252834', 'http://www.iedb.org/assay/6252835', 'http://www.iedb.org/assay/6252836']",['http://www.iedb.org/reference/1035754'],1693,1693,15,15,42
5,TCE005,08a392649fef2eca9f87b0a0e81f44114e797315,tcell_regions_with_seq.parquet,matched_csv_audit,90e6cee7e049c230,Q76NM2,217,231,"217, 231",DSAWENVKNVIGPFM,http://www.iedb.org/epitope/2275123,['http://www.iedb.org/epitope/2275123'],"['http://www.iedb.org/assay/22962358', 'http://www.iedb.org/assay/22962359']",['http://www.iedb.org/reference/1045781'],574,574,15,15,42
6,TCE006,0b8fde6493193e605361ada4da11f2d9b06eea3d,tcell_regions_with_seq.parquet,matched_csv_audit,3adacb80fe155a53,P9WPV1,75,89,"75, 89",EGVSILAESAEFESE,http://www.iedb.org/epitope/178734,['http://www.iedb.org/epitope/178734'],"['http://www.iedb.org/assay/1942247', 'http://www.iedb.org/assay/1970630']","['http://www.iedb.org/reference/1024521', 'http://www.iedb.org/reference/1025508']",121,121,15,15,42
7,TCE007,0c4d9841d24a8443267b6c64a2f14ab802a1e465,tcell_regions_with_seq.parquet,matched_csv_audit,9632c4bbed5e1b08,P02709,406,431,"406, 431",MKSDQESNNAAEEWKYVAMVMDHILL,http://www.iedb.org/epitope/41878,['http://www.iedb.org/epitope/41878'],"['http://www.iedb.org/assay/5365', 'http://www.iedb.org/assay/5366']",['http://www.iedb.org/reference/587'],457,457,26,26,42
8,TCE008,12d5eca9bbe266f2d97e89036b6e75f90db8ca85,tcell_regions_with_seq.parquet,matched_csv_audit,d65c9b47182ec996,P69996,186,195,"186, 195",AEEYSMNLGF,http://www.iedb.org/epitope/2187592,['http://www.iedb.org/epitope/2187592'],['http://www.iedb.org/assay/22384998'],['http://www.iedb.org/reference/1042037'],569,569,10,10,42
9,TCE009,155996d2b2b1014fd961022ac7d3b4531edbfab4,tcell_regions_with_seq.parquet,matched_csv_audit,58398f0719f09dfd,Q32ZE1,1298,1307,"1298, 1307",AALTPLARGT,http://www.iedb.org/epitope/569213,['http://www.iedb.org/epitope/569213'],['http://www.iedb.org/assay/3064214'],['http://www.iedb.org/reference/1031207'],3419,3419,10,10,42
10,TCE010,15a875039caef86602dd822881b7fb31cee7c32c,tcell_regions_with_seq.parquet,matched_csv_audit,e60172836145c31b,P52530,176,193,"176, 193",KVEDIDKKKEDEKRKQEE,http://www.iedb.org/epitope/872734,['http://www.iedb.org/epitope/872734'],['http://www.iedb.org/assay/5014652'],['http://www.iedb.org/reference/1034318'],480,480,18,18,42
11,TCE011,17a520ad9bd53030389124074a50fdf751ca2f5b,tcell_regions_with_seq.parquet,matched_csv_audit,a2f7c311d813b780,Q76NM2,197,211,"197, 211",AFNRFLVGCHPSDGK,http://www.iedb.org/epitope/2275093,['http://www.iedb.org/epitope/2275093'],['http://www.iedb.org/assay/22962183'],['http://www.iedb.org/reference/1045781'],574,574,15,15,42
12,TCE012,19472953123b8319dd9f6b2f94129c638a9ea768,tcell_regions_with_seq.parquet,matched_csv_audit,f1d718b588aa7f98,P03314,3017,3033,"3017, 3033",IGLQYLGYVIRDLAAMD,http://www.iedb.org/epitope/152654,['http://www.iedb.org/epitope/152654'],"['http://www.iedb.org/assay/1816027', 'http://www.iedb.org/assay/2009397']","['http://www.iedb.org/reference/1021695', 'http://www.iedb.org/reference/1026930']",3411,3411,17,17,42
13,TCE013,1981c41cecd23491c4850114a6097937dfa6135e,tcell_regions_with_seq.parquet,matched_csv_audit,2508146543315bf3,Q77PU6,771,788,"771, 788",ETTNVIVISSESEDEEDG,http://www.iedb.org/epitope/738855,['http://www.iedb.org/epitope/738855'],"['http://www.iedb.org/assay/3341012', 'http://www.iedb.org/assay/3363670']","['http://www.iedb.org/reference/1031890', 'http://www.iedb.org/reference/1031952']",1078,1078,18,18,42
14,TCE014,1a7915a7b345f8a1dc97ab3c2c084cb1eda28143,tcell_regions_with_seq.parquet,matched_csv_audit,733890e94ab0c751,Q3Y8M6,28,42,"28, 42",QNKEANNRAEKSEEE,http://www.iedb.org/epitope/116816,['http://www.iedb.org/epitope/116816'],"['http://www.iedb.org/assay/2028929', 'http://www.iedb.org/assay/2028930', 'http://www.iedb.org/assay/2028931']",['http://www.iedb.org/reference/1027017'],284,284,15,15,42
15,TCE015,1ba1ee8846526bccb8828bf4415435562d649021,tcell_regions_with_seq.parquet,matched_csv_audit,3fe86ca8b746b585,Q7VXA0,100,114,"100, 114",IGAIFIKSIKQVFYH,http://www.iedb.org/epitope/2202208,['http://www.iedb.org/epitope/2202208'],['http://www.iedb.org/assay/22438823'],['http://www.iedb.org/reference/1042279'],287,287,15,15,42
16,TCE016,1bf63bc37867dc7e660a4527cbb061fc9edfd79c,tcell_regions_with_seq.parquet,matched_csv_audit,ddeb7863ac8652c8,A0A088SAH7,154,168,"154, 168",ANISYADFLLYEYLT,http://www.iedb.org/epitope/558996,['http://www.iedb.org/epitope/558996'],['http://www.iedb.org/assay/2918895'],['http://www.iedb.org/reference/1030922'],221,221,15,15,42
17,TCE017,1c08b64d9eee0ad7eb3a2d110e7df4a155b40610,tcell_regions_with_seq.parquet,matched_csv_audit,30b5a17084312e03,P19711,65,77,"65, 77",KRGDCRSGNSRGP,http://www.iedb.org/epitope/61435,['http://www.iedb.org/epitope/61435'],['http://www.iedb.org/assay/1489015'],['http://www.iedb.org/reference/1001730'],3988,3988,13,13,42
18,TCE018,1e68d76447d4ffc1945b40f40e1369e8dc700b3f,tcell_regions_with_seq.parquet,matched_csv_audit,b1df3601ece00f4c,P02686,176,195,"176, 195",GRFFGGDRGAPKRGSGKDSH,http://www.iedb.org/epitope/113006,['http://www.iedb.org/epitope/113006'],['http://www.iedb.org/assay/1660436'],['http://www.iedb.org/reference/1013091'],304,304,20,20,42
19,TCE019,2215aa7809e0839b8aec9bff3b5065625fd92097,tcell_regions_with_seq.parquet,matched_csv_audit,9dcb11c50154159d,P14946,114,133,"114, 133",TITDDNEEPIAPYHFDLSGH,http://www.iedb.org/epitope/64478,['http://www.iedb.org/epitope/64478'],"['http://www.iedb.org/assay/1472518', 'http://www.iedb.org/assay/1474071']","['http://www.iedb.org/reference/1005457', 'http://www.iedb.org/reference/1005606']",263,263,20,20,42
20,TCE020,261858689adf2a287ab26fb0fd1d36d50848fba9,tcell_regions_with_seq.parquet,matched_csv_audit,0dea477df328d624,Q6FG55,11,20,"11, 20",RVRGTTLHLL,http://www.iedb.org/epitope/2398058,['http://www.iedb.org/epitope/2398058'],['http://www.iedb.org/assay/25218750'],['http://www.iedb.org/reference/1047824'],205,205,10,10,42
21,TCE021,2a653b2dd8a5c5798d4dc7d045b386f850f978a6,tcell_regions_with_seq.parquet,matched_csv_audit,7b434ec1782b314c,Q9QJ38,946,963,"946, 963",LEKCKISNDILIESLKKT,http://www.iedb.org/epitope/859119,['http://www.iedb.org/epitope/859119'],['http://www.iedb.org/assay/3806009'],['http://www.iedb.org/reference/1032944'],1082,1082,18,18,42
22,TCE022,2ba6b905319afac1f24c89e7877994164d52c0c6,tcell_regions_with_seq.parquet,matched_csv_audit,b31283b6d9eb4650,P10230,353,372,"353, 372",WATDSLNNEYLRAAVDSQER,http://www.iedb.org/epitope/996894,['http://www.iedb.org/epitope/996894'],"['http://www.iedb.org/assay/7104429', 'http://www.iedb.org/assay/7104430', 'http://www.iedb.org/assay/7104473', 'http://www.iedb.org/assay/7104474']",['http://www.iedb.org/reference/1036489'],718,718,20,20,42
23,TCE023,2c6b7e401e28c2a8eb34e7a10c5480bdef0ef6ad,tcell_regions_with_seq.parquet,matched_csv_audit,05c374f93140f971,D2T2K3,60,69,"60, 69",QLPYPQPQPF,http://www.iedb.org/epitope/51824,['http://www.iedb.org/epitope/51824'],"['http://www.iedb.org/assay/1506680', 'http://www.iedb.org/assay/22910124']","['http://www.iedb.org/reference/1005477', 'http://www.iedb.org/reference/1006531']",281,281,10,10,42
24,TCE024,3437b6d0c9b183ea7dbd2fc04b975d901ab78260,tcell_regions_with_seq.parquet,matched_csv_audit,c6536316ce3a693e,P0DTC9,219,227,"219, 227",LALLLLDRL,http://www.iedb.org/epitope/2278548,"['http://www.iedb.org/epitope/2278548', 'http://www.iedb.org/epitope/34851']","['http://www.iedb.org/assay/12279585', 'http://www.iedb.org/assay/12491368', 'http://www.iedb.org/assay/12491369', 'http://www.iedb.org/assay/12491370', 'http://www.iedb.org/assay/12491375', 'http://www.iedb.org/assay/12491376', 'http://www.iedb.org/assay/12491382', 'http://www.iedb.org/assay/12566396', 'http://www.iedb.org/assay/12566397', 'http://www.iedb.org/assay/13936394', 'http://www.iedb.org/assay/13944916', 'http://www.iedb.org/assay/15216495', 'http://www.iedb.org/assay/17544166', 'http://www.iedb.org/assay/17599315', 'http://www.iedb.org/assay/18071079', 'http://www.iedb.org/assay/22415923', 'http://www.iedb.org/assay/22415950', 'http://www.iedb.org/assay/22463487', 'http://www.iedb.org/assay/22463488', 'http://www.iedb.org/assay/22697872', 'http://www.iedb.org/assay/22697873', 'http://www.iedb.org/assay/22697885', 'http://www.iedb.org/assay/22908496', 'http://www.iedb.org/assay/22936167', 'http://www.iedb.org/assay/22969526']","['http://www.iedb.org/reference/1037697', 'http://www.iedb.org/reference/1037912', 'http://www.iedb.org/reference/1038034', 'http://www.iedb.org/reference/1038691', 'http://www.iedb.org/reference/1039204', 'http://www.iedb.org/reference/1039793', 'http://www.iedb.org/reference/1040266', 'http://www.iedb.org/reference/1042228', 'http://www.iedb.org/reference/1043210', 'http://www.iedb.org/reference/1044352', 'http://www.iedb.org/reference/1045058', 'http://www.iedb.org/reference/1045777']",419,419,9,9,42
25,TCE025,35f888d837e6d9f4aaa21edc470213fb07f83a19,tcell_regions_with_seq.parquet,matched_csv_audit,e62c43c9e498fe7a,P0DTC2,583,592,"583, 592",EILDITPCSF,http://www.iedb.org/epitope/1074876,['http://www.iedb.org/epitope/1074876'],"['http://www.iedb.org/assay/12389270', 'http://www.iedb.org/assay/16491468', 'http://www.iedb.org/assay/16491469', 'http://www.iedb.org/assay/16491470', 'http://www.iedb.org/assay/22942408', 'http://www.iedb.org/assay/8160600', 'http://www.iedb.org/assay/8160601', 'http://www.iedb.org/assay/8160602']","['http://www.iedb.org/reference/1036945', 'http://www.iedb.org/reference/1037798', 'http://www.iedb.org/reference/1037971', 'http://www.iedb.org/reference/1045589']",1273,1273,10,10,42
26,TCE026,38d0e62c8836aec9a9471d4e7b0b75b34e0dd703,tcell_regions_with_seq.parquet,matched_csv_audit,183cd2736f607b2b,Q6SW98,140,148,"140, 148",ARQSYRSTY,http://www.iedb.org/epitope/1347577,['http://www.iedb.org/epitope/1347577'],['http://www.iedb.org/assay/13689703'],['http://www.iedb.org/reference/1036355'],412,412,9,9,42
27,TCE027,3a7d5f6a575e61944d7889795bbc3a9827eff510,tcell_regions_with_seq.parquet,matched_csv_audit,26f0fc5876f4c090,Q4CYG9,650,657,"650, 657",ALGHEIAH,http://www.iedb.org/epitope/47437,['http://www.iedb.org/epitope/47437'],"['http://www.iedb.org/assay/1848497', 'http://www.iedb.org/assay/1848514', 'http://www.iedb.org/assay/1848517', 'http://www.iedb.org/assay/1848521', 'http://www.iedb.org/assay/1848523', 'http://www.iedb.org/assay/1848533', 'http://www.iedb.org/assay/1848596', 'http://www.iedb.org/assay/1848599']",['http://www.iedb.org/reference/1022289'],734,734,8,8,42
28,TCE028,3b51ef3e0e520fff1fad5f7839212543cfc3489c,tcell_regions_with_seq.parquet,matched_csv_audit,6f73b9b9cc6f5ed4,Q7VY89,43,57,"43, 57",VEWLPLRSALGRVLA,http://www.iedb.org/epitope/2215264,['http://www.iedb.org/epitope/2215264'],['http://www.iedb.org/assay/22438415'],['http://www.iedb.org/reference/1042279'],430,430,15,15,42
29,TCE029,3bc1d7115e6598aee4260fcdfef2c4aa5fe8373c,tcell_regions_with_seq.parquet,matched_csv_audit,b9dbc43305f2bf4c,P97361,221,235,"221, 235",PVQSFLDNLTGILTK,http://www.iedb.org/epitope/763774,['http://www.iedb.org/epitope/763774'],['http://www.iedb.org/assay/5636610'],['http://www.iedb.org/reference/1035288'],278,278,15,15,42
30,TCE030,3c75e46188299d604783ecfe812ec7f31fde533d,tcell_regions_with_seq.parquet,matched_csv_audit,eaace3e0717bc0b3,A2T069,984,998,"984, 998",TRNDKTFAASKGNRG,http://www.iedb.org/epitope/1066403,['http://www.iedb.org/epitope/1066403'],['http://www.iedb.org/assay/7605829'],['http://www.iedb.org/reference/1036640'],1197,1197,15,15,42
31,TCE031,3dc0226d8d0e8261c8191876567659a423c90a6a,tcell_regions_with_seq.parquet,matched_csv_audit,724aef91dd315b13,Q9QJ38,953,970,"953, 970",NDILIESLKKTISIVDVL,http://www.iedb.org/epitope/859226,['http://www.iedb.org/epitope/859226'],['http://www.iedb.org/assay/3806079'],['http://www.iedb.org/reference/1032944'],1082,1082,18,18,42
32,TCE032,3f13f96c518886ddcd30412fa9c03e6c19880a9d,tcell_regions_with_seq.parquet,matched_csv_audit,4b806f7cbe9b5ef3,P9WGU1,129,137,"129, 137",AQQVNYNLP,http://www.iedb.org/epitope/4049,['http://www.iedb.org/epitope/4049'],"['http://www.iedb.org/assay/1356810', 'http://www.iedb.org/assay/1383973', 'http://www.iedb.org/assay/1384075']","['http://www.iedb.org/reference/1003523', 'http://www.iedb.org/reference/1004930', 'http://www.iedb.org/reference/1004931']",374,374,9,9,42
33,TCE033,3f1cc0ab0f45f123d05bd51253b5592d5d730168,tcell_regions_with_seq.parquet,matched_csv_audit,a90a1f3366e8d56e,Q4QHH2,592,600,"592, 600",LLVAALLAV,http://www.iedb.org/epitope/179848,['http://www.iedb.org/epitope/179848'],"['http://www.iedb.org/assay/1968181', 'http://www.iedb.org/assay/1968187', 'http://www.iedb.org/assay/9187729']","['http://www.iedb.org/reference/1025471', 'http://www.iedb.org/reference/1037254']",602,602,9,9,42
34,TCE034,425b84c777dcd1e8cc025db55705d4bebca5f506,tcell_regions_with_seq.parquet,matched_csv_audit,f40965ca6e91e903,P52539,288,305,"288, 305",FARILRQIKEHIIRTKKP,http://www.iedb.org/epitope/872095,['http://www.iedb.org/epitope/872095'],['http://www.iedb.org/assay/5004115'],['http://www.iedb.org/reference/1034310'],516,516,18,18,42
35,TCE035,47dd844243162812a31e07349c7f1407b8d68e9b,tcell_regions_with_seq.parquet,matched_csv_audit,e68d75fbabed0128,P03452,446,460,"446, 460",ENERTLDFHDSNVKN,http://www.iedb.org/epitope/2511,['http://www.iedb.org/epitope/2511'],['http://www.iedb.org/assay/1007702'],['http://www.iedb.org/reference/1000157'],565,565,15,15,42
36,TCE036,4aad7d8cb4d29201a0e424ed085b1d733701808c,tcell_regions_with_seq.parquet,matched_csv_audit,554ee96393900f4b,Q83884,176,193,"176, 193",NQQTMRLVCMLYTPLRTG,http://www.iedb.org/epitope/561681,['http://www.iedb.org/epitope/561681'],"['http://www.iedb.org/assay/2890320', 'http://www.iedb.org/assay/2900888']",['http://www.iedb.org/reference/1030854'],530,530,18,18,42
37,TCE037,4bab2a2042e3623e322443eac9e55c6662091f3c,tcell_regions_with_seq.parquet,matched_csv_audit,faf977e8e67b5b9a,Q16655,100,116,"100, 116",APPAYEKLSAEQSPPPY,http://www.iedb.org/epitope/157103,"['http://www.iedb.org/epitope/157103', 'http://www.iedb.org/epitope/842000']","['http://www.iedb.org/assay/12529460', 'http://www.iedb.org/assay/1863454']","['http://www.iedb.org/reference/1019663', 'http://www.iedb.org/reference/1037980']",118,118,17,17,42
38,TCE038,4baf36889e26720ea656541a25a092fa98a2bdb6,tcell_regions_with_seq.parquet,matched_csv_audit,63e3caffb7b3e904,P48668,443,451,"443, 451",RLLKEYQEL,http://www.iedb.org/epitope/135591,['http://www.iedb.org/epitope/135591'],['http://www.iedb.org/assay/1784839'],['http://www.iedb.org/reference/1019915'],564,564,9,9,42
39,TCE039,4bc0aa952de4210e6cc2d5524fd195139965eaa3,tcell_regions_with_seq.parquet,matched_csv_audit,1271d63cd652d2f8,P27958,2987,3001,"2987, 3001",ARPRWFWFCLLLLAA,http://www.iedb.org/epitope/540781,['http://www.iedb.org/epitope/540781'],['http://www.iedb.org/assay/2830884'],['http://www.iedb.org/reference/1030142'],3011,3011,15,15,42
40,TCE040,4ee2bb6a09142fd8fa5b587987b074b8338e8e0e,tcell_regions_with_seq.parquet,matched_csv_audit,e07bf680bfc53058,Q8NHC7,30,38,"30, 38",FMLYLVTLM,http://www.iedb.org/epitope/911011,['http://www.iedb.org/epitope/911011'],['http://www.iedb.org/assay/5567043'],['http://www.iedb.org/reference/1034376'],312,312,9,9,42
41,TCE041,4fee7c05a407cf3e5b79d152cd9bf64bd92f26d0,tcell_regions_with_seq.parquet,matched_csv_audit,eb44255685378a46,Q8I0U8,306,319,"306, 319",QLEEAHNLISVLEK,http://www.iedb.org/epitope/43699,['http://www.iedb.org/epitope/43699'],"['http://www.iedb.org/assay/1330814', 'http://www.iedb.org/assay/1336507', 'http://www.iedb.org/assay/1336508']","['http://www.iedb.org/reference/1002224', 'http://www.iedb.org/reference/1002464']",1720,1720,14,14,42
42,TCE042,5bd763f5061782898805b7d64c043493f7c0e2f2,tcell_regions_with_seq.parquet,matched_csv_audit,7a9e117afbe9efc8,Q25456,211,230,"211, 230",YKEQIKTLTNKLKAAEARAE,http://www.iedb.org/epitope/530235,['http://www.iedb.org/epitope/530235'],"['http://www.iedb.org/assay/2707718', 'http://www.iedb.org/assay/2707719']",['http://www.iedb.org/reference/1029942'],274,274,20,20,42
43,TCE043,5ccb28bbb51fdca0fa5ba1a54b1d988babed2205,tcell_regions_with_seq.parquet,matched_csv_audit,a6b46b5ed7a11a64,P0DMV8,496,515,"496, 515",GKANKITITNDKGRLSKEEI,http://www.iedb.org/epitope/102548,['http://www.iedb.org/epitope/102548'],['http://www.iedb.org/assay/1631201'],['http://www.iedb.org/reference/1007497'],641,641,20,20,42
44,TCE044,5de29c6db37478a3c3333edb7517723a4bb057ed,tcell_regions_with_seq.parquet,matched_csv_audit,ccb9d45d10b7553d,P03431,7,14,"7, 14",LLFLKVPA,http://www.iedb.org/epitope/97458,['http://www.iedb.org/epitope/97458'],['http://www.iedb.org/assay/1598899'],['http://www.iedb.org/reference/1013714'],757,757,8,8,42
45,TCE045,6105d22de914c34b76e032b4ea24673539b094bf,tcell_regions_with_seq.parquet,matched_csv_audit,720cff342286bb8f,Q9QJ49,197,214,"197, 214",KYSLKEAVDIYSDNLKDL,http://www.iedb.org/epitope/739414,['http://www.iedb.org/epitope/739414'],"['http://www.iedb.org/assay/3341170', 'http://www.iedb.org/assay/3363782']","['http://www.iedb.org/reference/1031890', 'http://www.iedb.org/reference/1031952']",610,610,18,18,42
46,TCE046,6213993e5e6b207966498f7b932c0a32cb98fcf5,tcell_regions_with_seq.parquet,matched_csv_audit,4d056f8c0cab43de,P0DTD1,6078,6086,"6078, 6086",MYKGLPWNV,http://www.iedb.org/epitope/1332850,['http://www.iedb.org/epitope/1332850'],['http://www.iedb.org/assay/12493596'],['http://www.iedb.org/reference/1037960'],7096,7096,9,9,42
47,TCE047,62db25aa31e77bc4c9fa2c6289c6a6fc9f4fa6e9,tcell_regions_with_seq.parquet,matched_csv_audit,166943d4f98eeaa3,Q6SW85,809,823,"809, 823",ASKIKMLETRVTLAL,http://www.iedb.org/epitope/1599428,['http://www.iedb.org/epitope/1599428'],['http://www.iedb.org/assay/16743568'],['http://www.iedb.org/reference/1039650'],983,983,15,15,42
48,TCE048,63b0320d767bca0f46b7747f8e00adaa96354146,tcell_regions_with_seq.parquet,matched_csv_audit,843459d989754e25,P03071,416,430,"416, 430",FNVPKRRYWLFKGPI,http://www.iedb.org/epitope/958596,['http://www.iedb.org/epitope/958596'],['http://www.iedb.org/assay/6375764'],['http://www.iedb.org/reference/1036160'],695,695,15,15,42
49,TCE049,6520c27545846ba134e5e66ff63bc4dc062fa250,tcell_regions_with_seq.parquet,matched_csv_audit,bb7b569a84bc9bc4,K7B045,174,188,"174, 188",WTNVVLAYEPVWAIG,http://www.iedb.org/epitope/228969,['http://www.iedb.org/epitope/228969'],['http://www.iedb.org/assay/2112817'],['http://www.iedb.org/reference/1027980'],271,271,15,15,42
50,TCE050,6761fab513ec251b3451743a77e2cc67490594d0,tcell_regions_with_seq.parquet,matched_csv_audit,2860ebc8e58d12b8,Q9QJ57,232,249,"232, 249",GVAVVIGRFFGRGVTLPL,http://www.iedb.org/epitope/872331,['http://www.iedb.org/epitope/872331'],['http://www.iedb.org/assay/5007294'],['http://www.iedb.org/reference/1034316'],363,363,18,18,42
51,TCE051,67ca210cae5666916ecf5a912d55edcb16afc0e2,tcell_regions_with_seq.parquet,matched_csv_audit,7abb0942330c7ce6,P17763,171,185,"171, 185",TETEPDDVDCWCNAT,http://www.iedb.org/epitope/119098,['http://www.iedb.org/epitope/119098'],['http://www.iedb.org/assay/2011794'],['http://www.iedb.org/reference/1026955'],3392,3392,15,15,42
52,TCE052,67dc3283de02d833f00cef0ba5a219feede07ede,tcell_regions_with_seq.parquet,matched_csv_audit,f78ea5a0b848c1d0,Q05320,203,214,"203, 214",VNATEDPSSGYY,http://www.iedb.org/epitope/956747,['http://www.iedb.org/epitope/956747'],['http://www.iedb.org/assay/6362502'],['http://www.iedb.org/reference/1036129'],676,676,12,12,42
53,TCE053,72bb9cff803f2c7af21f09d48aaa62e4c3cb2fba,tcell_regions_with_seq.parquet,matched_csv_audit,96c152fcb468d594,P0CL66,184,203,"184, 203",TVTLSKNISKSGEVSVELND,http://www.iedb.org/epitope/67177,['http://www.iedb.org/epitope/67177'],['http://www.iedb.org/assay/1318170'],['http://www.iedb.org/reference/1002039'],273,273,20,20,42
54,TCE054,73614bc9831e0ee0111f123879e90556e510d55a,tcell_regions_with_seq.parquet,matched_csv_audit,2f96fb016f8d0c4e,P01308,69,88,"69, 88",GGGPGAGSLQPLALEGSLQK,http://www.iedb.org/epitope/134060,['http://www.iedb.org/epitope/134060'],"['http://www.iedb.org/assay/17541439', 'http://www.iedb.org/assay/17541440', 'http://www.iedb.org/assay/17541441', 'http://www.iedb.org/assay/17541442', 'http://www.iedb.org/assay/17541443', 'http://www.iedb.org/assay/17541444', 'http://www.iedb.org/assay/1781017', 'http://www.iedb.org/assay/1781019', 'http://www.iedb.org/assay/1781020', 'http://www.iedb.org/assay/2520496', 'http://www.iedb.org/assay/2580085']","['http://www.iedb.org/reference/1019923', 'http://www.iedb.org/reference/1029552', 'http://www.iedb.org/reference/1039131']",110,110,20,20,42
55,TCE055,7390985dd6884d69f7c80ea445a65167a769757d,tcell_regions_with_seq.parquet,matched_csv_audit,a74398747477f58d,Q9QJ32,967,984,"967, 984",QIIKAVTNAISPIFPKTD,http://www.iedb.org/epitope/740003,['http://www.iedb.org/epitope/740003'],['http://www.iedb.org/assay/3480236'],['http://www.iedb.org/reference/1032174'],1012,1012,18,18,42
56,TCE056,7a64006df366b88d8080918692c2f2132edff835,tcell_regions_with_seq.parquet,matched_csv_audit,d9cdf42548e22a1c,Q32ZE1,423,437,"423, 437",ENLEYRIMLSVHGSQ,http://www.iedb.org/epitope/768144,['http://www.iedb.org/epitope/768144'],['http://www.iedb.org/assay/3929371'],['http://www.iedb.org/reference/1033360'],3419,3419,15,15,42
57,TCE057,7b8ad5c1e686b8e34f15371e4e2b6fe788262fae,tcell_regions_with_seq.parquet,matched_csv_audit,9325c6e65290bcce,P17763,2089,2097,"2089, 2097",FAAGRRSVS,http://www.iedb.org/epitope/182421,['http://www.iedb.org/epitope/182421'],['http://www.iedb.org/assay/2096636'],['http://www.iedb.org/reference/1027503'],3392,3392,9,9,42
58,TCE058,7d3c203461ceb3cc4196d6c1a4e2ee1bdae1a496,tcell_regions_with_seq.parquet,matched_csv_audit,a92e68e500393bb1,P19544,239,247,"239, 247",NQMNLGATL,http://www.iedb.org/epitope/2279238,"['http://www.iedb.org/epitope/2279238', 'http://www.iedb.org/epitope/2279240', 'http://www.iedb.org/epitope/2279242', 'http://www.iedb.org/epitope/2279294']","['http://www.iedb.org/assay/22979432', 'http://www.iedb.org/assay/22979435', 'http://www.iedb.org/assay/22979436', 'http://www.iedb.org/assay/22979437', 'http://www.iedb.org/assay/22979438', 'http://www.iedb.org/assay/22979440', 'http://www.iedb.org/assay/22979449', 'http://www.iedb.org/assay/22979475', 'http://www.iedb.org/assay/22979481', 'http://www.iedb.org/assay/22979482', 'http://www.iedb.org/assay/22979713', 'http://www.iedb.org/assay/22979718', 'http://www.iedb.org/assay/22989016']",['http://www.iedb.org/reference/1031450'],449,449,9,9,42
59,TCE059,894dfd7e88a23d72012080b185c7c24cdffa9e78,tcell_regions_with_seq.parquet,matched_csv_audit,09bd7b18d80d2c11,Q13641,111,126,"111, 126",FARRPPLAELAALNLS,http://www.iedb.org/epitope/952820,['http://www.iedb.org/epitope/952820'],['http://www.iedb.org/assay/6347057'],['http://www.iedb.org/reference/1035881'],420,420,16,16,42
60,TCE060,917e1b920ca75d940e7fbad0f9c8d1f45c6f9edd,tcell_regions_with_seq.parquet,matched_csv_audit,054ccc1ef5862d91,Q9QJ20,316,334,"316, 334",LGKDFWILNLTLDSCIIKA,http://www.iedb.org/epitope/872818,['http://www.iedb.org/epitope/872818'],['http://www.iedb.org/assay/5004302'],['http://www.iedb.org/reference/1034310'],442,442,19,19,42
61,TCE061,93d59ffcdbebf68e636cd11ab3b90881e3091ecf,tcell_regions_with_seq.parquet,matched_csv_audit,e7d86041eb41b21b,P17763,329,337,"329, 337",EVTNPAVLR,http://www.iedb.org/epitope/182846,"['http://www.iedb.org/epitope/182846', 'http://www.iedb.org/epitope/185893']","['http://www.iedb.org/assay/2377681', 'http://www.iedb.org/assay/2377682', 'http://www.iedb.org/assay/2377772']",['http://www.iedb.org/reference/1028546'],3392,3392,9,9,42
62,TCE062,93ed9a5bcd4cfd27fc0b0df4d3f28fc67f5283ab,tcell_regions_with_seq.parquet,matched_csv_audit,ab61c0e622171c0d,Q05329,250,266,"250, 266",AMMIARFKMFPEVKEKG,http://www.iedb.org/epitope/234479,['http://www.iedb.org/epitope/234479'],"['http://www.iedb.org/assay/2370920', 'http://www.iedb.org/assay/2370921', 'http://www.iedb.org/assay/2370928', 'http://www.iedb.org/assay/2370929', 'http://www.iedb.org/assay/2370930', 'http://www.iedb.org/assay/2370939']",['http://www.iedb.org/reference/1028373'],585,585,17,17,42
63,TCE063,95cdb2df43ba6e1cdefbdc2483479b5bd9a95cd2,tcell_regions_with_seq.parquet,matched_csv_audit,74abfa912e5bf2fe,P24356,194,214,"194, 214",NTIPNTSTREYLKLIGITAIM,http://www.iedb.org/epitope/46273,['http://www.iedb.org/epitope/46273'],"['http://www.iedb.org/assay/1504998', 'http://www.iedb.org/assay/1505001']",['http://www.iedb.org/reference/1007651'],226,226,21,21,42
64,TCE064,985bfcfbaff48d8bd16f03d47592cfb3d94e974c,tcell_regions_with_seq.parquet,matched_csv_audit,20ef4e2dc4901900,F5HGG3,27,35,"27, 35",VIDRRGAAM,http://www.iedb.org/epitope/1347206,['http://www.iedb.org/epitope/1347206'],"['http://www.iedb.org/assay/13689683', 'http://www.iedb.org/assay/13689733']",['http://www.iedb.org/reference/1036355'],222,222,9,9,42
65,TCE065,9cba26843724ed0a82defe25f8002dceb6cc9d85,tcell_regions_with_seq.parquet,matched_csv_audit,bf692d1b7cc665d6,Q8UZH4,229,243,"229, 243",LDVDSIIPRTPDIIH,http://www.iedb.org/epitope/858201,['http://www.iedb.org/epitope/858201'],['http://www.iedb.org/assay/4990319'],['http://www.iedb.org/reference/1004533'],247,247,15,15,42
66,TCE066,a01a8839666589bf6928a2097bdd982454b0afcb,tcell_regions_with_seq.parquet,matched_csv_audit,e8eb03f88658fef1,P04591,197,205,"197, 205",AMQMLKETI,http://www.iedb.org/epitope/3177,['http://www.iedb.org/epitope/3177'],"['http://www.iedb.org/assay/1989222', 'http://www.iedb.org/assay/1989223', 'http://www.iedb.org/assay/2389962', 'http://www.iedb.org/assay/5562835']","['http://www.iedb.org/reference/1025964', 'http://www.iedb.org/reference/1028700', 'http://www.iedb.org/reference/1034919']",500,500,9,9,42
67,TCE067,a066d04b460d4e40ef608caecae282d097456932,tcell_regions_with_seq.parquet,matched_csv_audit,d1b47daeaee7fb89,P06463,106,115,"106, 115",LRCQKPLNPA,http://www.iedb.org/epitope/37421,['http://www.iedb.org/epitope/37421'],"['http://www.iedb.org/assay/22900625', 'http://www.iedb.org/assay/22900627']",['http://www.iedb.org/reference/1043931'],158,158,10,10,42
68,TCE068,a3860fc51cc404a4a194547c1bba5500ff054302,tcell_regions_with_seq.parquet,matched_csv_audit,386ebd9fadf67084,P14075,200,214,"200, 214",LEPSIPWKSKLLTLV,http://www.iedb.org/epitope/96545,['http://www.iedb.org/epitope/96545'],"['http://www.iedb.org/assay/1590215', 'http://www.iedb.org/assay/1590217']",['http://www.iedb.org/reference/1006413'],488,488,15,15,42
69,TCE069,a40d140f775fba8a40d9993fea935fcfdf6f38ce,tcell_regions_with_seq.parquet,matched_csv_audit,3b3e733bcd3ab1a5,P23276,183,197,"183, 197",GKWTSLNFNRTLRLL,http://www.iedb.org/epitope/177497,"['http://www.iedb.org/epitope/177497', 'http://www.iedb.org/epitope/177498']","['http://www.iedb.org/assay/1965280', 'http://www.iedb.org/assay/1965281', 'http://www.iedb.org/assay/1965310', 'http://www.iedb.org/assay/1965311']",['http://www.iedb.org/reference/1024402'],732,732,15,15,42
70,TCE070,a8089b400da3403222fcf3004eef9dfeccd568b5,tcell_regions_with_seq.parquet,matched_csv_audit,fd403c3b06da0b69,P12809,46,65,"46, 65",PGIKADSLDIDIERNVVTVR,http://www.iedb.org/epitope/47679,['http://www.iedb.org/epitope/47679'],"['http://www.iedb.org/assay/1351913', 'http://www.iedb.org/assay/1355112']",['http://www.iedb.org/reference/1003293'],148,148,20,20,42
71,TCE071,aad559a49a01dd17df3a613e07acaf34bc020481,tcell_regions_with_seq.parquet,matched_csv_audit,39b4f7b5553ff2b1,P60202,142,152,"142, 152",LGKWLGHPDKF,http://www.iedb.org/epitope/115844,['http://www.iedb.org/epitope/115844'],['http://www.iedb.org/assay/1689357'],['http://www.iedb.org/reference/1015683'],277,277,11,11,42
72,TCE072,acbbc7fb4c7c1ceb8cb54ce4a0246ba958f20a14,tcell_regions_with_seq.parquet,matched_csv_audit,dd7140937d398bc6,Q7VZC0,479,493,"479, 493",PTHQSIEHAASLRLI,http://www.iedb.org/epitope/2209435,['http://www.iedb.org/epitope/2209435'],['http://www.iedb.org/assay/22438008'],['http://www.iedb.org/reference/1042279'],678,678,15,15,42
73,TCE073,adcbb439974f26d8f3171cfe7713636ff507156e,tcell_regions_with_seq.parquet,matched_csv_audit,f6fc2bcd9e874a2a,P08670,201,220,"201, 220",NTLQSFRQDVDNASLARLDL,http://www.iedb.org/epitope/2268546,['http://www.iedb.org/epitope/2268546'],"['http://www.iedb.org/assay/12169460', 'http://www.iedb.org/assay/12169461']",['http://www.iedb.org/reference/1037624'],466,466,20,20,42
74,TCE074,b0d6228a0e944137a9e03d85dcd87e70eb6fd613,tcell_regions_with_seq.parquet,matched_csv_audit,a66d184af6a1a4ac,O23754,145,154,"145, 154",LRAVESYLLA,http://www.iedb.org/epitope/39038,['http://www.iedb.org/epitope/39038'],['http://www.iedb.org/assay/1498629'],['http://www.iedb.org/reference/1012881'],160,160,10,10,42
75,TCE075,b3fe3b173fa1918a06aebb6871d04963b56040f3,tcell_regions_with_seq.parquet,matched_csv_audit,9dd39fc0cb8d824f,P9WQN9,185,204,"185, 204",QQFPYAASLSGFLNPSEGWW,http://www.iedb.org/epitope/52029,['http://www.iedb.org/epitope/52029'],"['http://www.iedb.org/assay/1864760', 'http://www.iedb.org/assay/1864788', 'http://www.iedb.org/assay/19967']",['http://www.iedb.org/reference/1291'],340,340,20,20,42
76,TCE076,b84dd9eba3042200bd7b3d514e059c0947238d57,tcell_regions_with_seq.parquet,matched_csv_audit,82ecf42890e93dcc,A0A088RHF2,193,207,"193, 207",YEIFRFLPKDIQVAL,http://www.iedb.org/epitope/1625464,['http://www.iedb.org/epitope/1625464'],"['http://www.iedb.org/assay/16748754', 'http://www.iedb.org/assay/16748762', 'http://www.iedb.org/assay/16748773', 'http://www.iedb.org/assay/16748774', 'http://www.iedb.org/assay/16748781', 'http://www.iedb.org/assay/16748783', 'http://www.iedb.org/assay/16748789', 'http://www.iedb.org/assay/16748790', 'http://www.iedb.org/assay/16748791']",['http://www.iedb.org/reference/1039037'],403,403,15,15,42
77,TCE077,be47870733f74f10e44523546fbdf8bc82d21cd4,tcell_regions_with_seq.parquet,matched_csv_audit,a484324d02f456c5,Q9QJ40,288,305,"288, 305",RFERMGKQDDGKGDRNHK,http://www.iedb.org/epitope/873435,['http://www.iedb.org/epitope/873435'],['http://www.iedb.org/assay/5004456'],['http://www.iedb.org/reference/1034310'],366,366,18,18,42
78,TCE078,bf1b2ba3941576335c869f9198682604b9073e5f,tcell_regions_with_seq.parquet,matched_csv_audit,af7814162d82fb51,F5HB81,184,198,"184, 198",LQPVEGLTDNIQRYF,http://www.iedb.org/epitope/142879,['http://www.iedb.org/epitope/142879'],['http://www.iedb.org/assay/1805921'],['http://www.iedb.org/reference/1021328'],845,845,15,15,42
79,TCE079,bff5914ec449f2549c8eab3c4d45d9e97383fa26,tcell_regions_with_seq.parquet,matched_csv_audit,fe1615be1c381982,Q8IZ83,82,90,"82, 90",AVEAARMAF,http://www.iedb.org/epitope/1334848,['http://www.iedb.org/epitope/1334848'],['http://www.iedb.org/assay/12436589'],['http://www.iedb.org/reference/1037870'],802,802,9,9,42
80,TCE080,c33b0512006c2ac45445812ae078e0a94702787c,tcell_regions_with_seq.parquet,matched_csv_audit,7caea2718263a319,P00451,292,311,"292, 311",GHTFLVRNHRQASLEISPIT,http://www.iedb.org/epitope/2256751,['http://www.iedb.org/epitope/2256751'],"['http://www.iedb.org/assay/22790127', 'http://www.iedb.org/assay/22790759']",['http://www.iedb.org/reference/1043728'],2351,2351,20,20,42
81,TCE081,c6d78a5f6a9b3074c1e357bbb45e42228112199d,tcell_regions_with_seq.parquet,matched_csv_audit,39f2591a007d5b03,P00414,86,105,"86, 105",FITSEVFFFAGFFWAFYHSS,http://www.iedb.org/epitope/1863168,['http://www.iedb.org/epitope/1863168'],['http://www.iedb.org/assay/17870831'],['http://www.iedb.org/reference/1040040'],261,261,20,20,42
82,TCE082,c88d7cf60a151dcb49c6bf2b15e2118191e5fbeb,tcell_regions_with_seq.parquet,matched_csv_audit,b97bd978d01eedf7,Q7T9D9,109,123,"109, 123",YNLEIKKPDGSECLP,http://www.iedb.org/epitope/187592,['http://www.iedb.org/epitope/187592'],['http://www.iedb.org/assay/1983930'],['http://www.iedb.org/reference/1026459'],676,676,15,15,42
83,TCE083,c9a93d270d02e4bf6e67e67f42dad89da9b7da7d,tcell_regions_with_seq.parquet,matched_csv_audit,6270518cefc4d566,P55969,144,156,"144, 156",GLLFSTGLDKMEG,http://www.iedb.org/epitope/567662,['http://www.iedb.org/epitope/567662'],['http://www.iedb.org/assay/3001371'],['http://www.iedb.org/reference/1031082'],260,260,13,13,42
84,TCE084,c9ddc769f7bd3877aede9278dc0f065cb171581e,tcell_regions_with_seq.parquet,matched_csv_audit,f1da2123641aadfc,P03452,198,218,"198, 218",PPNSKEQQNLYQNENAYVSVV,http://www.iedb.org/epitope/26381,['http://www.iedb.org/epitope/26381'],['http://www.iedb.org/assay/1005991'],['http://www.iedb.org/reference/1000346'],565,565,21,21,42
85,TCE085,ce849e8c70c32817087c1c959ffdfd8b433c91cd,tcell_regions_with_seq.parquet,matched_csv_audit,51162294b2cb4f95,P11021,21,40,"21, 40",EDKKEDVGTVVGIDLGTTYS,http://www.iedb.org/epitope/167235,['http://www.iedb.org/epitope/167235'],"['http://www.iedb.org/assay/2468039', 'http://www.iedb.org/assay/2468042']",['http://www.iedb.org/reference/1028933'],654,654,20,20,42
86,TCE086,cfe2b5cb3b2486192e0d7dd1f510805dd8ca2b69,tcell_regions_with_seq.parquet,matched_csv_audit,8822510299eed410,Q9S7M5,92,103,"92, 103",LTDTIEKVSYET,http://www.iedb.org/epitope/177863,['http://www.iedb.org/epitope/177863'],['http://www.iedb.org/assay/2469367'],['http://www.iedb.org/reference/1029137'],159,159,12,12,42
87,TCE087,d28774209fa6b1f3933dd3b2f02b72db40f97cd4,tcell_regions_with_seq.parquet,matched_csv_audit,c38e04eb5735f4c9,Q6ZMZ0,180,188,"180, 188",ADPPLMHKY,http://www.iedb.org/epitope/753265,"['http://www.iedb.org/epitope/753265', 'http://www.iedb.org/epitope/753266']","['http://www.iedb.org/assay/3825311', 'http://www.iedb.org/assay/3825312', 'http://www.iedb.org/assay/3825383', 'http://www.iedb.org/assay/3830079']",['http://www.iedb.org/reference/1033020'],732,732,9,9,42
88,TCE088,db749274a298676299ae648cd01f47ea46cf5f4d,tcell_regions_with_seq.parquet,matched_csv_audit,89b90f3e1c7d575a,Q63K35,311,330,"311, 330",QHRIDMHGMRHEENLVKAGR,http://www.iedb.org/epitope/188949,['http://www.iedb.org/epitope/188949'],"['http://www.iedb.org/assay/1991966', 'http://www.iedb.org/assay/2097139']","['http://www.iedb.org/reference/1026797', 'http://www.iedb.org/reference/1027507']",419,419,20,20,42
89,TCE089,dbd1ba644898f9b617668c570e463e98711b4600,tcell_regions_with_seq.parquet,matched_csv_audit,74bc695434ac0344,P04978,9,23,"9, 23",CHLLSVLPLALLGSH,http://www.iedb.org/epitope/2195782,['http://www.iedb.org/epitope/2195782'],['http://www.iedb.org/assay/22440343'],['http://www.iedb.org/reference/1042279'],226,226,15,15,42
90,TCE090,dc53f65eee6c36de61f80dd3cee62fe07555585a,tcell_regions_with_seq.parquet,matched_csv_audit,28dee77d140b7699,Q7KQK5,47,55,"47, 55",HPKEYEYPL,http://www.iedb.org/epitope/147787,['http://www.iedb.org/epitope/147787'],"['http://www.iedb.org/assay/1844935', 'http://www.iedb.org/assay/22962262', 'http://www.iedb.org/assay/22962263']","['http://www.iedb.org/reference/1020909', 'http://www.iedb.org/reference/1045781']",622,622,9,9,42
91,TCE091,e1f87c92b563dd1d44c1b707a31429008dab537b,tcell_regions_with_seq.parquet,matched_csv_audit,f6200007323e53b7,Q9QJ16,351,368,"351, 368",INKHKVQKHNENHVPSRS,http://www.iedb.org/epitope/739224,['http://www.iedb.org/epitope/739224'],['http://www.iedb.org/assay/3341099'],['http://www.iedb.org/reference/1031890'],1520,1520,18,18,42
92,TCE092,e33399ba3ea38ea5ae929994c789de49ecb3dee6,tcell_regions_with_seq.parquet,matched_csv_audit,3b966c060a87f491,P26339,31,42,"31, 42",KVMKCVLEVISD,http://www.iedb.org/epitope/226220,['http://www.iedb.org/epitope/226220'],"['http://www.iedb.org/assay/2097553', 'http://www.iedb.org/assay/2097558']",['http://www.iedb.org/reference/1027489'],463,463,12,12,42
93,TCE093,e6c6576bfc1db83d70ac83c053cccd26a3bd8926,tcell_regions_with_seq.parquet,matched_csv_audit,f900b3caeed11632,P14075,246,260,"246, 260",SVPSPSSTPLLYPSL,http://www.iedb.org/epitope/94735,['http://www.iedb.org/epitope/94735'],['http://www.iedb.org/assay/1583135'],['http://www.iedb.org/reference/1006695'],488,488,15,15,42
94,TCE094,e8d378aec39ca780b73e046b99ee1249fdb97991,tcell_regions_with_seq.parquet,matched_csv_audit,4d51502560c4e6ea,P19993,478,497,"478, 497",GSGLSKEEIDRMVKDAEAHA,http://www.iedb.org/epitope/12276,['http://www.iedb.org/epitope/12276'],"['http://www.iedb.org/assay/1270228', 'http://www.iedb.org/assay/1270229', 'http://www.iedb.org/assay/1270230']",['http://www.iedb.org/reference/1001054'],620,620,20,20,42
95,TCE095,ea75bec2f4bc432a34443197e01cb1ab4574f0d0,tcell_regions_with_seq.parquet,matched_csv_audit,cc5f33596eedadfc,P0DTD1,5911,5925,"5911, 5925",FTSLEIPRRNVATLQ,http://www.iedb.org/epitope/1870787,['http://www.iedb.org/epitope/1870787'],"['http://www.iedb.org/assay/17860916', 'http://www.iedb.org/assay/17861002']",['http://www.iedb.org/reference/1039765'],7096,7096,15,15,42
96,TCE096,ebbb3984568ef6e14268b842f3ec66b7ab38d646,tcell_regions_with_seq.parquet,matched_csv_audit,5ae38f5523920cfa,Q5RZZ3,12,27,"12, 27",VVALCMVVSVPIAQAI,http://www.iedb.org/epitope/137550,['http://www.iedb.org/epitope/137550'],['http://www.iedb.org/assay/1795596'],['http://www.iedb.org/reference/1020809'],117,117,16,16,42
97,TCE097,ec7505186d2921c7ceec576e548382aa509f1de5,tcell_regions_with_seq.parquet,matched_csv_audit,29bd5d2deeeaa2a4,P0DPI1,729,747,"729, 747",RKKMKEALENQAEATKAII,http://www.iedb.org/epitope/54378,['http://www.iedb.org/epitope/54378'],['http://www.iedb.org/assay/2924740'],['http://www.iedb.org/reference/1030873'],1296,1296,19,19,42
98,TCE098,f104dcd0398c3f984287404f3ef7496172e727fe,tcell_regions_with_seq.parquet,matched_csv_audit,63938a0f64c27665,Q9CPV7,6,13,"6, 13",SVIKFENL,http://www.iedb.org/epitope/116555,['http://www.iedb.org/epitope/116555'],['http://www.iedb.org/assay/17922044'],['http://www.iedb.org/reference/1039983'],413,413,8,8,42
99,TCE099,f2bf225f03ae16fbf7da85298af1b462a49517ef,tcell_regions_with_seq.parquet,matched_csv_audit,34631cdd510ce217,Q7VXS9,211,225,"211, 225",ESIYGLFFAASVVFY,http://www.iedb.org/epitope/2197979,['http://www.iedb.org/epitope/2197979'],['http://www.iedb.org/assay/22438573'],['http://www.iedb.org/reference/1042279'],597,597,15,15,42
100,TCE100,fae3a8b637c04eee12a3d587c0117f45753a45c2,tcell_regions_with_seq.parquet,matched_csv_audit,bb2376d827a6a4f6,Q83884,211,225,"211, 225",SPDFNFLFLVPPTVE,http://www.iedb.org/epitope/984101,"['http://www.iedb.org/epitope/984101', 'http://www.iedb.org/epitope/984102', 'http://www.iedb.org/epitope/984103']","['http://www.iedb.org/assay/6480489', 'http://www.iedb.org/assay/6550460', 'http://www.iedb.org/assay/6550461', 'http://www.iedb.org/assay/6550463', 'http://www.iedb.org/assay/6550465']",['http://www.iedb.org/reference/1036361'],530,530,15,15,42
